{"module": "keras", "class_name": "Sequential", "config": {"name": "sequential_1", "trainable": true, "dtype": "float32", "layers": [{"module": "keras.layers", "class_name": "InputLayer", "config": {"batch_shape": [32, 128, 128, 1], "dtype": "float32", "sparse": false, "name": "input_layer"}, "registered_name": null}, {"module": "keras.layers", "class_name": "RandomRotation", "config": {"name": "random_rotation_1", "trainable": true, "dtype": "float32", "factor": [-0.2, 0.2], "value_range": [0, 255], "data_format": "channels_last", "fill_mode": "reflect", "fill_value": 0.0, "interpolation": "bilinear", "seed": null}, "registered_name": null, "build_config": {"input_shape": [32, 128, 128, 1]}}, {"module": "keras.layers", "class_name": "RandomZoom", "config": {"name": "random_zoom_1", "trainable": true, "dtype": "float32", "height_factor": 0.2, "width_factor": null, "fill_mode": "reflect", "interpolation": "bilinear", "seed": null, "fill_value": 0.0, "data_format": "channels_last"}, "registered_name": null, "build_config": {"input_shape": [32, 128, 128, 1]}}, {"module": "keras.layers", "class_name": "RandomFlip", "config": {"name": "random_flip_1", "trainable": true, "dtype": "float32", "seed": null, "mode": "horizontal"}, "registered_name": null, "build_config": {"input_shape": [32, 128, 128, 1]}}, {"module": "keras.layers", "class_name": "RandomContrast", "config": {"name": "random_contrast_1", "trainable": true, "dtype": "float32", "factor": 0.2, "seed": null}, "registered_name": null, "build_config": {"input_shape": [32, 128, 128, 1]}}, {"module": "keras.layers", "class_name": "Conv2D", "config": {"name": "conv2d_3", "trainable": true, "dtype": "float32", "filters": 32, "kernel_size": [3, 3], "strides": [1, 1], "padding": "valid", "data_format": "channels_last", "dilation_rate": [1, 1], "groups": 1, "activation": "relu", "use_bias": true, "kernel_initializer": {"module": "keras.initializers", "class_name": "GlorotUniform", "config": {"seed": null}, "registered_name": null}, "bias_initializer": {"module": "keras.initializers", "class_name": "Zeros", "config": {}, "registered_name": null}, "kernel_regularizer": null, "bias_regularizer": null, "activity_regularizer": null, "kernel_constraint": null, "bias_constraint": null}, "registered_name": null, "build_config": {"input_shape": [32, 128, 128, 1]}}, {"module": "keras.layers", "class_name": "MaxPooling2D", "config": {"name": "max_pooling2d_3", "trainable": true, "dtype": "float32", "pool_size": [2, 2], "padding": "valid", "strides": [2, 2], "data_format": "channels_last"}, "registered_name": null, "build_config": {"input_shape": [32, 126, 126, 32]}}, {"module": "keras.layers", "class_name": "Conv2D", "config": {"name": "conv2d_4", "trainable": true, "dtype": "float32", "filters": 64, "kernel_size": [3, 3], "strides": [1, 1], "padding": "valid", "data_format": "channels_last", "dilation_rate": [1, 1], "groups": 1, "activation": "relu", "use_bias": true, "kernel_initializer": {"module": "keras.initializers", "class_name": "GlorotUniform", "config": {"seed": null}, "registered_name": null}, "bias_initializer": {"module": "keras.initializers", "class_name": "Zeros", "config": {}, "registered_name": null}, "kernel_regularizer": null, "bias_regularizer": null, "activity_regularizer": null, "kernel_constraint": null, "bias_constraint": null}, "registered_name": null, "build_config": {"input_shape": [32, 63, 63, 32]}}, {"module": "keras.layers", "class_name": "MaxPooling2D", "config": {"name": "max_pooling2d_4", "trainable": true, "dtype": "float32", "pool_size": [2, 2], "padding": "valid", "strides": [2, 2], "data_format": "channels_last"}, "registered_name": null, "build_config": {"input_shape": [32, 61, 61, 64]}}, {"module": "keras.layers", "class_name": "Conv2D", "config": {"name": "conv2d_5", "trainable": true, "dtype": "float32", "filters": 128, "kernel_size": [3, 3], "strides": [1, 1], "padding": "valid", "data_format": "channels_last", "dilation_rate": [1, 1], "groups": 1, "activation": "relu", "use_bias": true, "kernel_initializer": {"module": "keras.initializers", "class_name": "GlorotUniform", "config": {"seed": null}, "registered_name": null}, "bias_initializer": {"module": "keras.initializers", "class_name": "Zeros", "config": {}, "registered_name": null}, "kernel_regularizer": null, "bias_regularizer": null, "activity_regularizer": null, "kernel_constraint": null, "bias_constraint": null}, "registered_name": null, "build_config": {"input_shape": [32, 30, 30, 64]}}, {"module": "keras.layers", "class_name": "MaxPooling2D", "config": {"name": "max_pooling2d_5", "trainable": true, "dtype": "float32", "pool_size": [2, 2], "padding": "valid", "strides": [2, 2], "data_format": "channels_last"}, "registered_name": null, "build_config": {"input_shape": [32, 28, 28, 128]}}, {"module": "keras.layers", "class_name": "Flatten", "config": {"name": "flatten_1", "trainable": true, "dtype": "float32", "data_format": "channels_last"}, "registered_name": null, "build_config": {"input_shape": [32, 14, 14, 128]}}, {"module": "keras.layers", "class_name": "Dense", "config": {"name": "dense_2", "trainable": true, "dtype": "float32", "units": 128, "activation": "relu", "use_bias": true, "kernel_initializer": {"module": "keras.initializers", "class_name": "GlorotUniform", "config": {"seed": null}, "registered_name": null}, "bias_initializer": {"module": "keras.initializers", "class_name": "Zeros", "config": {}, "registered_name": null}, "kernel_regularizer": null, "bias_regularizer": null, "kernel_constraint": null, "bias_constraint": null}, "registered_name": null, "build_config": {"input_shape": [32, 25088]}}, {"module": "keras.layers", "class_name": "Dropout", "config": {"name": "dropout_1", "trainable": true, "dtype": "float32", "rate": 0.5, "seed": null, "noise_shape": null}, "registered_name": null, "build_config": {"input_shape": [32, 128]}}, {"module": "keras.layers", "class_name": "Dense", "config": {"name": "dense_3", "trainable": true, "dtype": "float32", "units": 2, "activation": "softmax", "use_bias": true, "kernel_initializer": {"module": "keras.initializers", "class_name": "GlorotUniform", "config": {"seed": null}, "registered_name": null}, "bias_initializer": {"module": "keras.initializers", "class_name": "Zeros", "config": {}, "registered_name": null}, "kernel_regularizer": null, "bias_regularizer": null, "kernel_constraint": null, "bias_constraint": null}, "registered_name": null, "build_config": {"input_shape": [32, 128]}}], "build_input_shape": [32, 128, 128, 1]}, "registered_name": null, "build_config": {"input_shape": [32, 128, 128, 1]}, "compile_config": {"optimizer": {"module": "keras.optimizers", "class_name": "Adam", "config": {"name": "adam", "learning_rate": 9.999999747378752e-05, "weight_decay": null, "clipnorm": null, "global_clipnorm": null, "clipvalue": null, "use_ema": false, "ema_momentum": 0.99, "ema_overwrite_frequency": null, "loss_scale_factor": null, "gradient_accumulation_steps": null, "beta_1": 0.9, "beta_2": 0.999, "epsilon": 1e-07, "amsgrad": false}, "registered_name": null}, "loss": {"module": "keras.losses", "class_name": "SparseCategoricalCrossentropy", "config": {"name": "sparse_categorical_crossentropy", "reduction": "sum_over_batch_size", "from_logits": false, "ignore_class": null}, "registered_name": null}, "loss_weights": null, "metrics": ["accuracy"], "weighted_metrics": null, "run_eagerly": true, "steps_per_execution": 1, "jit_compile": false}}