{"class_name": "Sequential", "config": {"name": "sequential", "layers": [{"module": "keras.layers", "class_name": "InputLayer", "config": {"batch_input_shape": [null, 128, 128, 1], "dtype": "float32", "sparse": false, "ragged": false, "name": "random_rotation_input"}, "registered_name": null}, {"module": "keras.layers", "class_name": "RandomRotation", "config": {"name": "random_rotation", "trainable": true, "dtype": "float32", "factor": 0.2, "fill_mode": "reflect", "fill_value": 0.0, "interpolation": "bilinear", "seed": null}, "registered_name": null, "build_config": {"input_shape": [null, 128, 128, 1]}}, {"module": "keras.layers", "class_name": "RandomZoom", "config": {"name": "random_zoom", "trainable": true, "dtype": "float32", "height_factor": 0.2, "width_factor": null, "fill_mode": "reflect", "fill_value": 0.0, "interpolation": "bilinear", "seed": null}, "registered_name": null, "build_config": {"input_shape": [null, 128, 128, 1]}}, {"module": "keras.layers", "class_name": "RandomFlip", "config": {"name": "random_flip", "trainable": true, "dtype": "float32", "mode": "horizontal", "seed": null}, "registered_name": null, "build_config": {"input_shape": [null, 128, 128, 1]}}, {"module": "keras.layers", "class_name": "RandomContrast", "config": {"name": "random_contrast", "trainable": true, "dtype": "float32", "factor": 0.2, "seed": null}, "registered_name": null, "build_config": {"input_shape": [null, 128, 128, 1]}}, {"module": "keras.layers", "class_name": "Conv2D", "config": {"name": "conv2d", "trainable": true, "dtype": "float32", "filters": 32, "kernel_size": [3, 3], "strides": [1, 1], "padding": "valid", "data_format": "channels_last", "dilation_rate": [1, 1], "groups": 1, "activation": "relu", "use_bias": true, "kernel_initializer": {"module": "keras.initializers", "class_name": "GlorotUniform", "config": {"seed": null}, "registered_name": null}, "bias_initializer": {"module": "keras.initializers", "class_name": "Zeros", "config": {}, "registered_name": null}, "kernel_regularizer": null, "bias_regularizer": null, "activity_regularizer": null, "kernel_constraint": null, "bias_constraint": null}, "registered_name": null, "build_config": {"input_shape": [null, 128, 128, 1]}}, {"module": "keras.layers", "class_name": "MaxPooling2D", "config": {"name": "max_pooling2d", "trainable": true, "dtype": "float32", "pool_size": [2, 2], "padding": "valid", "strides": [2, 2], "data_format": "channels_last"}, "registered_name": null, "build_config": {"input_shape": [null, 126, 126, 32]}}, {"module": "keras.layers", "class_name": "Conv2D", "config": {"name": "conv2d_1", "trainable": true, "dtype": "float32", "filters": 64, "kernel_size": [3, 3], "strides": [1, 1], "padding": "valid", "data_format": "channels_last", "dilation_rate": [1, 1], "groups": 1, "activation": "relu", "use_bias": true, "kernel_initializer": {"module": "keras.initializers", "class_name": "GlorotUniform", "config": {"seed": null}, "registered_name": null}, "bias_initializer": {"module": "keras.initializers", "class_name": "Zeros", "config": {}, "registered_name": null}, "kernel_regularizer": null, "bias_regularizer": null, "activity_regularizer": null, "kernel_constraint": null, "bias_constraint": null}, "registered_name": null, "build_config": {"input_shape": [null, 63, 63, 32]}}, {"module": "keras.layers", "class_name": "MaxPooling2D", "config": {"name": "max_pooling2d_1", "trainable": true, "dtype": "float32", "pool_size": [2, 2], "padding": "valid", "strides": [2, 2], "data_format": "channels_last"}, "registered_name": null, "build_config": {"input_shape": [null, 61, 61, 64]}}, {"module": "keras.layers", "class_name": "Conv2D", "config": {"name": "conv2d_2", "trainable": true, "dtype": "float32", "filters": 128, "kernel_size": [3, 3], "strides": [1, 1], "padding": "valid", "data_format": "channels_last", "dilation_rate": [1, 1], "groups": 1, "activation": "relu", "use_bias": true, "kernel_initializer": {"module": "keras.initializers", "class_name": "GlorotUniform", "config": {"seed": null}, "registered_name": null}, "bias_initializer": {"module": "keras.initializers", "class_name": "Zeros", "config": {}, "registered_name": null}, "kernel_regularizer": null, "bias_regularizer": null, "activity_regularizer": null, "kernel_constraint": null, "bias_constraint": null}, "registered_name": null, "build_config": {"input_shape": [null, 30, 30, 64]}}, {"module": "keras.layers", "class_name": "MaxPooling2D", "config": {"name": "max_pooling2d_2", "trainable": true, "dtype": "float32", "pool_size": [2, 2], "padding": "valid", "strides": [2, 2], "data_format": "channels_last"}, "registered_name": null, "build_config": {"input_shape": [null, 28, 28, 128]}}, {"module": "keras.layers", "class_name": "Flatten", "config": {"name": "flatten", "trainable": true, "dtype": "float32", "data_format": "channels_last"}, "registered_name": null, "build_config": {"input_shape": [null, 14, 14, 128]}}, {"module": "keras.layers", "class_name": "Dense", "config": {"name": "dense", "trainable": true, "dtype": "float32", "units": 128, "activation": "relu", "use_bias": true, "kernel_initializer": {"module": "keras.initializers", "class_name": "GlorotUniform", "config": {"seed": null}, "registered_name": null}, "bias_initializer": {"module": "keras.initializers", "class_name": "Zeros", "config": {}, "registered_name": null}, "kernel_regularizer": null, "bias_regularizer": null, "activity_regularizer": null, "kernel_constraint": null, "bias_constraint": null}, "registered_name": null, "build_config": {"input_shape": [null, 25088]}}, {"module": "keras.layers", "class_name": "Dropout", "config": {"name": "dropout", "trainable": true, "dtype": "float32", "rate": 0.5, "noise_shape": null, "seed": null}, "registered_name": null, "build_config": {"input_shape": [null, 128]}}, {"module": "keras.layers", "class_name": "Dense", "config": {"name": "dense_1", "trainable": true, "dtype": "float32", "units": 2, "activation": "softmax", "use_bias": true, "kernel_initializer": {"module": "keras.initializers", "class_name": "GlorotUniform", "config": {"seed": null}, "registered_name": null}, "bias_initializer": {"module": "keras.initializers", "class_name": "Zeros", "config": {}, "registered_name": null}, "kernel_regularizer": null, "bias_regularizer": null, "activity_regularizer": null, "kernel_constraint": null, "bias_constraint": null}, "registered_name": null, "build_config": {"input_shape": [null, 128]}}]}, "keras_version": "2.15.0", "backend": "tensorflow"}